Position,Company,Location,URL
full details of Chief Engineer,Mersey Seafoods Limited,Liverpool  NS,https://ca.indeed.com/pagead/clk?mo=r&ad=-6NYlbfkN0AVOInh1xLBynvIsTa6fq6C5q7eNbG3vkF3PBy9zIrmqohCQILIUwsxPIrHgAnP5dTJIm3j2kpoIlVayu0yd8SwiK2meBS6Wcxgphd55NjgjFOpz7LvHP2BDIhaYsxBD9XKCL2XvKCsmjq2Nm5JOkrEIdLABWdjF4nwz_ZfFan0ZWngVvqQy4wugLL4ufoNj9LkqnJHC0vFO2b59GafRkSkJQ9zso-aijR_ooQgjGTnlyvjfD6VhSPY9i3DM5-hZEJ6NejsKDhsNAG-zAIsy5prsUWOMSe2kir1s1ragNmnp2UCNA4rxaZ_NVhOrRpPAx2u_kR1JecIJMkIkS5lNygfJ39669PP3d2zK2rslLuO-BguCi34xvSFCGm6m8NQBTXa6I1kjT5AMmAr0iIQV8nOvYcu6Ir7672DKimCaWLGaGf5mvYNpXASlwD2T8U1Gve7opwVzxt56oLAywg3XT-mwXpHwAl2SGjo83QeL7hPVMJ_Bt93YN2zoHMXIFKrNMAkIHNbCXXLCS_n_ZtDenQBNFnIGqUeaG2NeOHAhVX3kzIGBJRRfwSPo9b8APwlUf0SY_4fINdzXsVbT1oE4Agw&xkcb=SoBy6_M3G9jEbExSTh0LbzkdCdPP&p=0&fvj=1&vjs=3
full details of Operating Engineer,CHAPMAN'S ICE CREAM,Markdale  ON,https://ca.indeed.com/pagead/clk?mo=r&ad=-6NYlbfkN0AdQDF22DudgEAbKMSh3PK3m867ta-EVj_4zO5mTjPiK1sM_Dys8zwQV1fuI-b5VPI3pmTl2Wjks2ZQVas5d3OdxM-qtHA1sdbiKu0YmInaB29ryRvuBH9EO4aVB2Lcr9HZe3p-WLgpxO0tTR_VgMhDmuGOy1zGCvnvZxFw_dZmte4vPLWR-j0vRTgcUiYKxLVQKkCHvS_V7e4SYwnYfW6fGW5DSvxwWOfroN37usrVKkmYiGMdi9S7M8Dqgg19ooVdQDGch59vJr0dz_KtxXyfH48F0v9KvKA3ORb_3Zbpt45gmgTWS3fGdlX03gS3TJ7KfvXEC--dM5IrFerSrnWQLJZkrGDpsZQAQYqvUVkyyVZUS2Ix9_gWNFXUWlk3Zgitfpymuc6xZ4FTixA6X5I_8RYZ_2eXG8tC6QjtrUHFjV-czjPdw1iA2r0ItV5m3VtAC1adOyS7p3_cxcfcc5Vdh_pneM7kS6P7MtIow4VLiUewUO7SRfpJT8qh7z7x0Q_0OHMScwVQq2i3A3FqBssJ5Du1JhVQfLd1-KEzYY6tBctax73xWlmb-gxERCRiI2YniDanlVbJe3s6BSGpknZiGlJu5PFoEjkbqTSMaftVNV9Txsuem67gyYE39a_PPGw=&xkcb=SoDG6_M3G9jEbExSTh0KbzkdCdPP&p=1&fvj=1&vjs=3
full details of Controls Engineer,Babcock & Wilcox FPS Inc.,Dartmouth  NS,https://ca.indeed.com/pagead/clk?mo=r&ad=-6NYlbfkN0AXZTrtkOMMhD0HiO5QMx7yWp_4Stq_rjj23DGOqLKba-6cTeSrAkMs_hIYeq_TSL94gKOuqrgh__BnBmBx2oOaNp4TPRdg-FVG0V9GyTRS6mH_Fkbr6y18QJXn1lyq36Rj-4YzA1J_NdHcTz9qGjY0NrvmqmPO2C6tCreBjkcYwyrj4xeWX-Bt-o1zjC3yGV-CC-mg7u9cf88X7gnrKVUMYMRVXa_coW2Rs4CabdtjCFa6nzFcMfEtz24vJHrAzpVFGU42Thyign_AhpPUNaEAd-XyWyMp3G1Muu5h-yPhIXMpACEksiNwRBSFq8_aUkZLcGN7VAKmZmpU7xPrJlquqhd5WQsySA1F2SNtpVeLm59S-TCn4Bu2lW_O4Nsg-m3BQHonLcKrEJ0mhBP10Svij88rmP2rpoGPWtpORBcnTb-egQv65SLpb1viVUmPwwmsMJa1RfeaDGkmeidQmo-QW0aT7T-Z-ectPg7CpkZG1aCfzw_vEAsSARNcrK1atToAmY491FbFseG_j0bOgQx1lGKUe_mDsQHKSZIhP2ehe4pI7nMYHNWOFGxDPjgpm649f-Yo38I93nOL82uo4ErPWqjlatqjy5uBH0RPthP9cqynUCbq0AMq&xkcb=SoBb6_M3G9jEbExSTh0JbzkdCdPP&p=2&fvj=1&vjs=3
full details of Project Manager,Rimkus Consulting Group Canada (formally known as...,Moncton Area  NB,https://ca.indeed.com/pagead/clk?mo=r&ad=-6NYlbfkN0BdVfEDKziCEvIQjTRwXB0eptTmjZVrtpn99P5cBUEgUUmbWkzIXsGCmJCpvs5ovvwRlYw2ong_4f27EOLDMGj5d-ahHqqhyMXXC87jmmWkM9LpPp57TEu3kLBbMmPlPo5OSXl7jPL_RPobrzaLB0kyQmeKzKBUDuEaNhi6e_P0MGRMHVTw9g20pQo0CxdwuvLC9LfBgQy07WRGVJqySRwW1Vna9othH2JiBNq4hqnTo_X7UMEubpX0A53M0aJGR2nn9bqOWji9FFTea4Vn7CMX_x8aNZblNfiXQQsKHSClrKACGHASULBL443C7AInGjCYlTX8hHQ_fbYPHyUcfPegNqnAjPzSoiWIfaqBgaq61z2uwikWtGn8Z2zDd8MlBo5Vtk4s9TVCWxbrrDD7XJtNXsVrL2fU3USe3Lnfz4HyzzpmcoENiVpTD5ku4lQTy95c_bN1aLfdq3Y0yG1bocIhJDcCSanYs-zREeUGMHZCUsMOX2ta1kNKcjm7Xk8ve6EvV_9ckzEgY7mAOIPVuQpCnfc22PdNI7Af4kDRzf9KiT0vHPCHm5cOFfPzIm1C-NAN6guG52wA93ERNTB0oJ1NXewiZ9LB1AvOgaeHJuxjguj04OhCOFZy&xkcb=SoDv6_M3G9jEbExSTh0IbzkdCdPP&p=3&fvj=1&vjs=3
full details of Fire Protection Specialist/Engineer,CNL - Whiteshell,Winnipeg  MB,https://ca.indeed.com/pagead/clk?mo=r&ad=-6NYlbfkN0D7-2mynDH716AD8vM-6JgrGz3nWmkT8SEvnjiZEx6pvzPeeng-eecx80XVdgs1i7WH-xWrcUe9NFuNsAoohw4ZJhvsUyZVNcvxsedRFqNZmftH6iGejSIOOJ7jk7mlr753u6jH0Now2gpIaNcDa8I21E3p7g5YMPmPi0F6XYmOhkU4sYeEb9ToiZ_AFmtSmjpfYdu9wmfTKFGrb2QhPcQ3qrmul68TkRbbqEibLhAtr-MCRHYi51wOmSplS9rWMWR-h6za-Q6HgQP0k0oPfJHfmLx-IktEtPJhCCyPrxrlqd_L3hrn_ItldQQY2WJQ8NZ3eAOfGQnYnA3RSlWWJkfQlFfII0um6DhLUTN_Wjjl6Fuds1Csx8wFmxEAHnRBXTMyaQSIQlsrZtil21yIoktDdTpjjumyRhK4DqshOLy0o4598kRS4iZDQ2ZF-ywYYbyOpWwEatojZpxV8MDWYoyIeuSB0k4jhayms_Rz-spkzrTb-w91llIXaJrVjbSefujh3LjI3sT9zxmzeYqFKdOfNSel3DJZwHZqMZiCokNSdBX1DUn4rsD3Xh8JaR1HKJVjoWBI0UYYR0_snEMSBwxZwaKpZJeS77G-Pfb-2PkDdLsa4uCsmgawC3lWM72oB1hZ_rRJCKA7Egf97he7y6fZmAxMTI3EPgo=&xkcb=SoBh6_M3G9jEbExSTh0PbzkdCdPP&p=4&fvj=1&vjs=3
full details of Junior Electrical Engineer,HFX Solar Inc.,Bedford  NS,https://ca.indeed.com/pagead/clk?mo=r&ad=-6NYlbfkN0Cj46aq3_Z1uma5JrgrjZTxTaPMpXxXqIlxPuHKWF6PgjvTF3X0QzoX3mHdChsBGmBgfn-9JXQB23jY9LBpRF0X151Avlmn1RRtckwZtgJZsSiRtSDGAIpj_CX1JbGfuVUYC8u8Bqc3lzD_xMjmU35x9OzYik2UmM8bmp3k2Zf4NVyv5lQnKpM-MX9WgPvIXEzx54bWjfF4eI5cZGIzYAvc1qcbXlbdpDaSAI_n8jKbSfLm2JXCqOYKbl1a8bCIHrGkqbRkXW9elmPPVEJAM63a-Ce3-MSj0Vaqgjp-8bj-eKLQezgNvv6hGFfeGGdoa_XeHxbmog4-wE8NHUq_mVo7Ekqr_QGPKtTEjCLO7yg7wiNZP5dXaxGmt11PDoKn4fDZ2aFCROLBcxr_ybRN7nu81SdfMdYqXzIozTD9ztDeO7qaWGDzrzi9fXga3ioIHIugarEydvhG58nDDffNDPMetuXUNchXBVfGvpvNmfjsuGKpjnrz5QO6fO3agco-YBp_Czzk7UjJK_7tsS6BmShWoUN_f2zfGf6q7QWYOoYh4ReKYLd_im-sSGi8zLii7bBDUwhiNXa1mADZb_ylu36oc31WR6d-Ih8=&xkcb=SoDV6_M3G9jEbExSTh0ObzkdCdPP&p=5&fvj=1&vjs=3
full details of Audio Engineer,Village Sound,Halifax  NS,https://ca.indeed.com/rc/clk?jk=b75074f90985f47b&bb=khT1QkuW3J-1O2LIUOzXEIUZ5ozD1NpO9aDO93RpnCKH0PX9deVaqPvqoHBYWodskGmRlClAr5xbjvRyLtrMf4zmKBn3gPq8w7-QjWvKoUg%3D&xkcb=SoC867M3G9jEbExSTh0NbzkdCdPP&fccid=daaa896d4065ec0e&cmp=Village-Sound&ti=Audio+Engineer&vjs=3
full details of Specialist Stamping Engineering,Toyotetsu Canada Inc.,Simcoe  ON,https://ca.indeed.com/pagead/clk?mo=r&ad=-6NYlbfkN0Dn_zdT1RBKi8p1ThDKiu9EJIKY_g59B_TvEDbFwEzzf6SYWOhyf041UId24s1Tdn5TNEeAl51y4fcl3zpIXvWOfbXan0KwPn5i-bMIkWEBk-1AaIbztVhUkmUq2sXlsnpL_BNgJKdChd9hPHSS5q0mIGvG8eOKq-1l5V0e6a8e2-6NIPHgj08OOUupAvCcjZe6ezPP_YArfEp0W3cGMA3EGaNI23WoIcNJ3q7u75OWV2mJzTLfGFLzeodRfFvpket3-EjBDdM6uPBptBRfHy-phZVP966Mqrt0B3DbuojfLX9PQxazq8WX7nVe2mmNnOvkNcamOUJz2wTul8AMMO00nHvZ-_RNTmDEzzp2MpDvpKIGqIw9H_ZksYPNyVwoxYLbrtAQMgrX__iul7ejYQIZULQisPe-WHVCZ9Dup6Yac8S1rHw1RnqiTTD16xt_N5JOjvHEP-7KQrT_EETqi4YT_vUfwsXj5asOGrErM_JggZDNehCFXIPcYn8dS6hsd3GLupmkhn2AOiW83YOW4z7VE0tHZl4B4msW5zOVU2jcUPxjgzuQd65UVuZ-ZJjHElmwS2bjqDPk0wncQ4V5ZF8xdKXpnxOGuf9olbT1J5RPaP33MS7KRN7ILCsaNg8Y5vp3BEIQD085ow==&xkcb=SoD86_M3G9jEbExSTh0MbzkdCdPP&p=7&fvj=1&vjs=3
full details of Robotics Engineer,Kayo3PL,Ancaster  ON,https://ca.indeed.com/pagead/clk?mo=r&ad=-6NYlbfkN0DQAPgAExRPKSjIOjiKKIcwWw7_7rOCPU1ii3kuPQbEBZMZRegcV8ehDA--CTwsHynjeOQ144F1Dc9gudW7pxMhyeBkVESO1zdT-WB_wolTF0FRbDDjFvPQDynAsTyq5I-MqZVELHvUPnzdBFPmjZ_lI9HA3XoXIQEIkXRGjpYdUMpP6OjGukpZ5NxLBe5uW8_EFB6DPXkXYaRpQ5euAG4fpKhrw9d98UtoEVztX5rlc98-VGo4AcHFoOnf2IFTeBE_lpl3bFm0MgAuRwGozjtZkNB72xuuXLUge-IK57emoe5AWSdOmy68Xcsl4r08kkxbhLf5v1Y0uGQtj0qJCKDJUeua0IZt_4Wkmc1VjA0-QUPNKxjTLDzfn7uI2x2dABA1AOfPJyrzK0SuJMykYgjWs5L7S054R7OJ2GBF1fRZZMXtl8V8Ljpl-D9hmA7AdR1qQXSqk4G4-z9QEnJuHHYhKCtnNOFi1FPqizageFMTeXaHSCejpQRchreKK3aHeSv7uocEOHQfA-eumbqJsWyTlz_2DspRlQE7KaQJP5JRmgwmE94OsS9grSZIA6O4xhHT4TPtJztyAs7W5pLVXCJS&xkcb=SoAV6_M3G9jEbExSTh0DbzkdCdPP&p=8&fvj=1&vjs=3
full details of Chief Power Engineer - 2nd Class,Idaho Pacific Holdings,Quebec Province,https://ca.indeed.com/pagead/clk?mo=r&ad=-6NYlbfkN0A0NJa8pe4PXs4QRihi1TU1gYDGKveI_Wbhh2Mv0Ey_m6OOsEPdVRN648W6u5G3LfMXC2Fl3o3gFlPkZNg7EBKJ7MOF2yjnfQVg-4UFvxVU9iCEOwivY19OLmJceWdtA66hGuhKXKGRxnsNEEVSDvScaMH_iL79opqj4vkhKPDybrdtV3AX8GNkISxXY76rWkbiPmy0GDHJLNLSqUyDa0pBkhKCr6wU9kI-JexNfWhH5jR89lqy4BP_TWUHA5e8sSQYI0FZx191LCI3ynPTfD2XTIco4lrL0ndVkGicMmYkKUT8UzMQLloroOhDpjoWQlodv-yBRYbjrWTKJSLlEVCn2gmq0EQyN5wOjpkzlL2DtoH4dE-VsdkUPPrdvEGsax-3a5hnuAhDXZFVcqJc-IZ7msp_Ir3-gBXJOKr20LT4NW3jn2as7bGxhkzUuS3sbcWzQ56YFt5Uhl93ShLmyPKtkbkkXyu8_MrOZTDTKUegPpCelNTEs7Y8FSXc5EYuq7r73VCe1H5aGAYm-EAdEUjDmHUhKLbtsCtG0IkS-VUNEuQ-YgVtd0dvvRmckb2wx2TtSQQr2Rw5tsgG7Yf4izAntCoyqISp3N0i4FaLvEUK0DzEbJyA5SRomzQ8Uq6Gtc9Ms1jwPSqN54P9IDIr5WWDRPwoRlKLqBUMSoRo-K5G4wPPb80NJG6JOSRw7uov6KY3pyuJkjML7vH3WHev5qvQWpEbV05LlkV1K-b6dewCpQ==&xkcb=SoCh6_M3G9jEbExSTh0CbzkdCdPP&p=9&fvj=0&vjs=3
full details of Petroleum Engineering Graduate,Tier 1 Energy Solutions,Alberta,https://ca.indeed.com/pagead/clk?mo=r&ad=-6NYlbfkN0AYBmb3M9ThOQEUg9URDCJGNKimZByviXSBZVPSmMY_iqC0mQw-v-00avAG885_jhomIqE0cAzdIvkL42DQ1RoeOPJUWiF_Waf06ZzKrpIKsJD9aTL92upPPRaH0MOPuw96pQCimTzZU8JiKDDV2yuABb4FXBYybfV4RzICwRRrZ3kzaJsV9UPv4eE7aIezJFOp6Bomru4TVKfqmcn6KDIPYtBJMUM8qflgP6lN1x_ibfk3AiXmXyCmr9ZDzZRmhz4q7COlbPEf_A954n6NdKgL9TH0TxCG8RBPdsMEUhN-6y7-Wv_0bbL6eXbuJrSv3jwWfHw8Ea1DIqBmMs2euIRz2UFynsbRBa1B3wGyN6R8q7WhFN-eIbF9_5vn6OzeYEm8cN9BTJn-qZxY-PnBVV3Rrq5ejExyMR9-KrswTfUNOdX_-nq_JO_wlTwnU7d-wcPtwn_GqGuk7zcnb8N6d93bGcKHpffSBWAvHjymQTvKyGz6llRUflR1L2I7Kx_4PgR5c7-RGE3vuNyX3A0YDZF6aTUGdfRUQKPEmcjOTFDrwemR7_axko6YTL10PGMMJMw6tBcmC__FjjfARovFeIGipLAlEjGgytxEx2MqPqwsWA==&xkcb=SoA86_M3G9jEbExSTh0BbzkdCdPP&p=10&fvj=1&vjs=3
full details of Lead Controls and Automation Engineer,Saltworks Technologies,Richmond  BC,https://ca.indeed.com/pagead/clk?mo=r&ad=-6NYlbfkN0DmjMFD7t1aapg_hM7HdW-m13kXR2shUtKNjvZuU8J7nxeEhB4TOEt9CzEqQ2BOrMAv0GUF_ZZAMxS2NBTftYYRgLynPxVFFsg0Lh5wNKvN6GQTjH7xjj2yIOnRSAu5vc7307hofRNdRe_Uh9myk2uoBsclAeUCb-WAD0WpQtcruOZgalkJpDtasZ0ven8WiStDJF2DgLayYxVw4d5iMUfTb1GvZp0z9upPfYlPCaYhQLnImr9IAbLiqTvDDevHjJ0zB8kKe5ZjnmtYsRDV8WNDBLAZ4I1HBD9Dx-UFFraBh2DAfEisVcW6ZIFmpT9yJK6HUUI-OLv8bgBZfJFDc13kNYFK6ksed1_rAHsZnVrP81ZKkgE0mVbVBFCj7gA-v7VnpgXDt7oimLOrkMuQh9IPviQadOucrtJqlEjR7BDvL8cYMmEdh0MZxGj6j-Rlc_QM93R62Z9qxNYfelNW-NMpNnZtqERTA1p-hhbrKGQt_v1VQcu50nRZVS5o8hwLBbq1hF9NeWbqKJcO2mIJQR6GvB8RHD6wCwJdfCJ8MjWcQj47iZzA05qvShRuq709ebd_5acIUoGeJ563ydm_lWB9rQHmVT34p9fopJNt0I8v9N9UQe1fws4umYHmCc7cHZhCclpvMl4qCx-E0APh-HMxKgdFQZE63YKfIpGO1XXCKCsO9DqyYFkx&xkcb=SoCI6_M3G9jEbExSTh0AbzkdCdPP&p=11&fvj=0&vjs=3
full details of DevSecOps Engineer,CGI,Halifax  NS,https://ca.indeed.com/rc/clk?jk=77cf492ffcdf631d&bb=khT1QkuW3J-1O2LIUOzXEBWKqGLWgKJRyFxKUObJT76A8cemWsCkmJTxNa0NUZuubIhJE0U_S-tp0lgmMo-r08DmfEUX-8_cEITf2JApjao%3D&xkcb=SoDy67M3G9jEbExSTh0HbzkdCdPP&fccid=43a69183767d4301&vjs=3
full details of Mechanical Design Engineer,Cascade Canada Ltd.,Guelph  ON,https://ca.indeed.com/pagead/clk?mo=r&ad=-6NYlbfkN0AfdCMM4qCCLKYB5tBapnd00ndE35_Vu49ILivb85bQ5ZcP0SYvhuxfybRAmXr2n_gFTLhoxPh5EkWzGLOQM6xyBEqkLz6Jh52IT7UjxpzP5xngmRbzXnB58X0htymCs4Lz9c4qm_oZ9vSyZZ_CNX7qSkhJNzaG9k4J3uJ5tklWBgugnHutCuT2YXqmK8pNT-BTS5QvCkWn4e5ZD6g1eMI71u4hdBL-o-wYfCL45EyskcPaEiOxuLtAJmWxuID_elUWGPxdsBLzamMT8BRbe7vFkphztFoP-Ym81yPdGPwG6ZNX5AbsICsh-32uFkhKUspjGqrL3hAqyjaPpYD3FN_bIalo0GtPurgCg_quw4ur4HjlChx43jz9B8dIfY_wrEH3tl_6i5868owUtM6k2nOxG33dph-q45mFlbnJCv_pfareXYAQ74xsM50__r377AUd1Wz7BnscjcNyWhd_rAN0VrsuQ3qH-gZgTeu9WwXJ7OSa5U_CLMbeNe7ZXWMQc35YBbbsb5QFQNjcwGacceH-wgWRwlQpq65KYc6eP3gFbyjutT4saCNJwuxHTs-7QtTNrQxZdsR0niTqi63vHjJLWsYZIWZpmHo=&xkcb=SoCy6_M3G9jEbExSTh0GbzkdCdPP&p=13&fvj=1&vjs=3
full details of Desalination Engineer,Oneka Technologies,Dartmouth  NS,https://ca.indeed.com/rc/clk?jk=4ef18e792ea002cc&bb=khT1QkuW3J-1O2LIUOzXEPLFIDES5aNp0m0qDmSDbZYRrAn5l0GiipZzW9EtGIIHpcYIPj-0bamS0khSKaB6_gThEKxQgCBdqXhaeotIfns%3D&xkcb=SoDb67M3G9jEbExSTh0FbzkdCdPP&fccid=e5b19fdad4a09d94&cmp=Oneka-Technologies&ti=Engineer&vjs=3
full details of Vehicle Cybersecurity Design Specialist,Motor Coach Industries,Remote,https://ca.indeed.com/pagead/clk?mo=r&ad=-6NYlbfkN0BJ76WZTtrHc7VqMZaEz0ndl4KyAzgk6I-SEhm5Ddx8YHM4s3yubtuR9vIwR6Y0PKl_Ul36ob_7cP85CYYfzuRon3T1IXLGgzPM9dlANnuzNAoRzTk7sAFlUtm2PZ9_ujoqpF2N2ijG9WYU2R40pOUQRkraKvkLviyCTYOfhciMlP30bYWGdnIWgpy3TK9XNBaDKi5CT7a73eTw3ZOIIQgft4tDjn6KnzAuHhC16IlQ5UvdfbR68eVDDTP5VwZwh6kadI_8MBpEhBPwhnzTDOgPm39rr9Z611EwONIAJI2zrQleu8ANwddvbrdqcWGtXjaqM1vld4MR-aFbAq-cdOpYbyf7b0mzEF5ufQjXEWupiZN7cmNkX5InzfUeqdqnMUFPYfxTLVClbKqZo_3E-krxfm250E-d_yOqScZ3AVeQtnilBSuuDgmnlZCuLRTQcBEnFbzBIbGyl89GJM0JamYkHvcFQXcEayNq3GFr486wCGzxBP0xlHt0ZVNnat2Kzi7_nJ2uUagKNNvQxTJwryesINV5lzezvfFpvPXGi0OX8Qc8qWbcvAzWwvLmS_61fciTd8Gc_-3hQ5PC4CEyqrp6vJtnZeP7A4NcRE4siHtZ5LUqXV3DKlLhnwaolWN0p3I=&xkcb=SoCr6_M3G9jD56x8Xp0LbzkdCdPP&p=0&fvj=1&vjs=3
full details of Desalination Engineer,Oneka Technologies,Dartmouth  NS,https://ca.indeed.com/rc/clk?jk=4ef18e792ea002cc&bb=Xtp4OzLU2i_M5vNsKs3WrnR9mDhqqJfG5niKUwAR2M0Vqxes68kx4WJH-gYqRknF&xkcb=SoDk67M3G9jD5CxJrJ0KbzkdCdPP&fccid=e5b19fdad4a09d94&cmp=Oneka-Technologies&ti=Engineer&vjs=3
full details of DevSecOps Engineer,CGI,Halifax  NS,https://ca.indeed.com/rc/clk?jk=77cf492ffcdf631d&bb=I1KuRL1qCVPzEg8cnOclbC-icaPBzlYgO8IswA0liPsyl1qsEVjp0tFGKaKvqw63&xkcb=SoBQ67M3G9jD5NRJrJ0JbzkdCdPP&fccid=43a69183767d4301&vjs=3
full details of Chemical Engineer,Mtt Recycling Technologies,Nisku  AB,https://ca.indeed.com/pagead/clk?mo=r&ad=-6NYlbfkN0DU60DeQm_CasrXHi2K-CARR2Qo95krLh3xmHoey9MZq_dxgFeFVedXUllcCWn9bDuSq32EVxEs7_J2PWoBYp60e-jibmLQyinp7sAfXUQtyxDQlRbGspBaGNtddcZcB8UrE5QewpQgTCk6U4Vqb4U7XLNzxHERxJ00Pj7aU_gglMnfcnyTj3jQG4LfRDxOcHgcOIGdRpkDly1uMP2XdCbuLkBTssHhrsH8rUaRsaH0GylOoxZXKezpstc5SgwcDd2MAIEWINVPzj_cqshnFEzLb_wATa0COuI2It4Dvb1dpZQYf07K4U8jhOxw00C3CsMKFeI7okTfwFkongprFEkyroYriGQzC5D7GdMfaemPrzKInjWFn_H7J9IxMyrFQ5g5dnMEOiJMj2bSoxaqB9hsDSSu7h0QzYTFy72DYMJDHkCYdaxOEd1A7-M-Sir8xWl8EuwBmARHdvkXq8-2oP8kEYrsqzwIVpZW4K2_TWf8UfuSTACEyibzgTPcFnT89kH9CYvOku-OA1diBFuHcfmVEtzZiIJr2BcSOyUan931iyo1hnI8CnBPPpFBY8Yzsq_UpSQqp79bPu3RKrQ-WdT0&xkcb=SoA26_M3G9jD56x8Xp0IbzkdCdPP&p=3&fvj=1&vjs=3
full details of Marine Engineer 1 (LaHave),Province of Nova Scotia,LaHave  NS,https://ca.indeed.com/rc/clk?jk=28504f220f7a6072&bb=eZidHRM50-51HhS55ryYYwY6ZxufW-orlbrm4G224JI9_vUuhxbT6UEaw9vCZKoX&xkcb=SoA867M3G9jD5NxJrJ0LbzkdCdPP&fccid=76b2daf26bb1853b&vjs=3
full details of 4th Class Power Engineer / Building Operator (Full- Time Temporary),C&W Facility Services Inc.,Campbell River  BC,https://ca.indeed.com/pagead/clk?mo=r&ad=-6NYlbfkN0DHJDMiIh6jzZ8lA_o9inwXZjwK_qQN4Ngji81zuauEZERltd715wqq-GFFTMzjsTcsgfRgJoyxk0tCn0mfgYdIaamcNShsRENav50iPBHUNVY_oiRz0jhlQZqEKg2o1Rp3DwQaAtn1MsTOC_ScUlcnTJ_XSguWzw4HmGA1fcbrCEKuHDCfG-PccdBO8WgJk5Pd9T1gaqW_h9nj3MpUgxLVuZAGZObvsctW01tHSfn5H_hfE7wKs91Ww5NuFC_II2WpK1QSo0KYeJG-WeTsp83AYzvs0erxgpwHKFk9KQCSK3UqRsq21YdrwBZQqjdqaqYKDnPA3QD2UmL2WwYg4wrvYUWDhn8DtDOtyHhLGWPdqsPt2kYhZiDp1UUiFsW2AkDGDobWBRTars8Fb8-RE9pJ1CIuU2XsI8okh3jNEWq2zlNQQJjpW2A4C6Y9ycvsmAUdLCeAT8-H6qS4Bgvc-AhBIjnjn0IkNFLDcrzZBddOIlBVVEQVlZ7-Iqx9p6MhqauJi-tmrbq_pmxzNAlYHmG-B4tm-fBEiiP6ci77lkDRC30iSw_OoS3u6yA0skd5h4ofLY3vR2HsOis_TZxCLFQ2jtrBut2dUDuVAbLGNzwG02O93ia2DXW-_nu2tM0LWA_1XRYC3Z-FvxEaLdKdLboPj9K8M3ZOKI8=&xkcb=SoAM6_M3G9jD56x8Xp0ObzkdCdPP&p=5&fvj=1&vjs=3
full details of Summer Co-op – Underwater Warfare System Engineer (CSC UWW Team),Lockheed Martin Corporation,Halifax  NS,https://ca.indeed.com/rc/clk?jk=5c12bbb35c39d7bb&bb=vBhUWTbWzGPiqNQ36-D8edegayVAwUnEYYE7_yytLAMTt4RSrge9C-KQfP_5DaH2&xkcb=SoDe67M3G9jD5MxJrJ0JbzkdCdPP&fccid=aeb15e43a6800b9d&vjs=3
full details of mechanical engineering technologist,EcoSmart Building Energy Solutions,Halifax  NS,https://ca.indeed.com/rc/clk?jk=e0c6a4422daa50b4&bb=vBhUWTbWzGNwpW_DidsXNdF4mlqsX45a-RaFSiEe8pJ7vG1zoEdZzvJDXXBhuOc1&xkcb=SoCQ67M3G9jD5MxJrJ0DbzkdCdPP&fccid=b0bba048cbacabce&vjs=3
full details of Engineer In Training,Nova Scotia Power,Hybrid remote in Halifax  NS,https://ca.indeed.com/rc/clk?jk=6be90180df7debcc&bb=0mfdoI_So6nxZ2AJFGDtdcKENGuimtc8EU41wi3u93-cbuVU7J-DPRR39rOIeC1C&xkcb=SoCH67M3G9jD5PRJrJ0JbzkdCdPP&fccid=8bc5f43ed35eee5a&vjs=3
full details of Summer Co-op - Mechanical Engineer – CSC Ship Integration CPT,Lockheed Martin Corporation,Halifax  NS,https://ca.indeed.com/rc/clk?jk=c7d2fd183dc81d94&bb=7PkfUXYcKJRSlJ0oSgqLKqG35jXg1L6h4cr3pHWKlILnBy-xrGo5HD3WXkqi9wGh&xkcb=SoBf67M3G9jD5PxJrJ0KbzkdCdPP&fccid=aeb15e43a6800b9d&vjs=3
full details of Internship  Mechanical Engineer  Cell Engineering  (Summer 2024),Tesla,Markham  ON,https://ca.indeed.com/rc/clk?jk=0f13aa685f9b1760&bb=7PkfUXYcKJR4oEkG3-kZWwUZ0MYhfBje8lynN7s6c0gYosRocBAAt4hQQ5icihNO&xkcb=SoD467M3G9jD5PxJrJ0PbzkdCdPP&fccid=86e9be6ce380173e&vjs=3
full details of Reliability Engineer,CAD Industries Ferroviaires Ltée,Toronto  ON,https://ca.indeed.com/pagead/clk?mo=r&ad=-6NYlbfkN0Dc8wnZip3S8wYwV-J7VT7PrbWK_XFiWB5jHtHrpvlWtoMqAElivrfh1aeE3cARoO59VZfekkh5erUfUbehb-tIuCcxcMlpfdrU_0RqX4b21VLIDTyyNG1HxUg1b2vRnGarB1fQAMUk7Wibir_BDQKDlZWek2jK6xBmiSq7HDBzPbH28DRErKdgdlWAObxigCt9gTajdsZxz3sndOKsjfzHtHRKprRbuKhABZqP9KbUtjqMNu4wU7JgywGIosr5AzQpkvCMsS53d94-cwBiVk7TNYsWvuzfGWwwAC9neURRXGHskgXitSHsB_C0KtkC9XIdsl7MDQaRc-EQyPpBtdgiZHCLy3HYS-mWExhsfVbmCW1j9rBgtCHpnnzcPU-dfDe2Rmt8_ZiTaC79AApHwRlaLiwbSNAjHPWVquYAkJVek7G6xX_DjRCZeERCIdr0yJqbkIkO5owpPV4hpV5q_o3l682icH2ZQieT6IPTBTO-ymtVO4gsW3Q6J09b4fjjmqofWS_9CXpT0AEtTY6Pp-1IBQ09eRGJjr3eMtwtaJN5eo7IiE3zwiV1eUnSEQWDrgYnwZb40Av-IBP-UXcgdaMA&xkcb=SoBR6_M3G9jD56x8Xp0AbzkdCdPP&p=11&fvj=1&vjs=3
full details of Internship  Technical Program Management  Cell Engineering (Summer 2024),Tesla,Markham  ON,https://ca.indeed.com/rc/clk?jk=19b7273e3b411bd2&bb=B8b5kQAmsI1KMHYcanPHJMUvn_xPxtvQ8rvUqgX6wg4FK1AziZ3zhAMwBV8YHb_2&xkcb=SoBl67M3G9jD5ORJrJ0LbzkdCdPP&fccid=86e9be6ce380173e&vjs=3
full details of Aircraft Maintenance Engineer,Saxon Aerospace Inc.,Calgary  AB,https://ca.indeed.com/pagead/clk?mo=r&ad=-6NYlbfkN0Brg8vbAq2uqsl8dp4hkd55WmCpPlZM6-zsT42OYw48U7FM9t7F97PK5T036dPdlA-OtGEisvdHBeyEyyJ3Tk01CE5nIrHZO2CTH5hoxzsIZ-G-Wi8SWBeAOUUbuIcetgOZE_SwmjGwzij20rjHqL5ElbWJCUp6cIw-2d9NXb5Kzy9EKOTYQYQIVPPWZDtrwR8hfWlCgwXHq5ph5OvDMyg8Lm7X9wDWnIokypTM10ZRAd6j1cxx_3l2PnLKR-ey-PRZVmz7HT75glUGbEhmoSu94EhVB0657otdop4ooFNP3WhSyJwngMmrBmVZoLuJj7X-7N3AIz8xzZrmGKH3VnAAV1Yw7N4EmJ11sb8z0wSRMcVp4er73gMY10GMBv30k2NI-flHe-w6CJ9KXt_urkGWxJF8NOUdF_yfp9pFU4iR5trEh_3OfweQ5pBD-hYBjRaHukFXHafejZUY59K45X5YR_ZL8fySIiTn8Bp_SgRCGJjLO76sxMKsoPTgUAh5fuM6-e81v9cut2Vo8IlMGi_D0fHN1T-mhbPVkxcHLfvGBB_37UyJnVK_fOPwEeaIUHNbdaFd6n3-EEudy4ZNl9g7LfLzHCU3W2LTiRsO85pqwg4dDRIupNxr&xkcb=SoBr6_M3G9jD56x8Xp0GbzkdCdPP&p=13&fvj=1&vjs=3
full details of Product Designer,Levr Technologies Inc,Remote,https://ca.indeed.com/rc/clk?jk=d02942abe77f05d8&bb=aB-csmXBExXYKJI1OoY2HBtZo3j6aaW6swYVIiIuHlOafDPsoJTpjev2xWGB3ZsG&xkcb=SoAg67M3G9jD5OxJrJ0LbzkdCdPP&fccid=42cc237abdc0c21c&cmp=Levr-Technologies-Inc&ti=Product+Designer&vjs=3
full details of Junior Project Engineer,Baytech Plastics,Midland  ON,https://ca.indeed.com/pagead/clk?mo=r&ad=-6NYlbfkN0CDy39PHOJbId05ujiC1YQg8VG3VCLlG-WzP6BcfEFVgTvD1Qd1Cl6gw3HouMf4micKOw6DRh0ozm_j4WE9jz-0FQalQ1hPBCsNhuPXz1Qj3KxKJnUBKMvFguKdIfJMR4rN5CkPcMIk09Ll0zKQ2NL9j8OOTLbA75o_rc_jdT6xRQZyNr_-9RKeJXJFwvhzOeo1tKZST77GqP7E4zAwk6UyswBxpLTYsGZVyIGpfjBuIygr_Hvnjm6CDY2H1dREClQGbyR6eViAx84FgRlqs6OjHxxmV65HBBbrOac2x6VMZwgm7Yl8-42fIJsT2hxRhkmXR2erkEg_wrxCJjnh53rqwL_PDAaPTWQQPslBZATMQ2TlaZ3DZ12iLt8AkXu1NXBc97ViGOdLJSyMnnMZwSG1CjO6ESyz5q7V6rrT7GpvSvX2DoF_su8z-sNdEkccVKrefhPOKBV1Mq-17LZknRB8YGAOU3qqY2wY34iNRMjxbm4T62bAoiDTXGGxeSpU79WU1BVtGtOVc7xcVgzWPxOrLWZDlKOTM6wOJ0jm0EWh9uonwAJYGyqnkDsFL1O5_rNbhHXgXpfpPqRPALIwABmXqfdW-dPlrCk=&xkcb=SoBv6_M3G9jDGNTOhJ0KbzkdCdPP&p=0&fvj=1&vjs=3
full details of Product Designer,Dash Hudson,Halifax  NS,https://ca.indeed.com/rc/clk?jk=25901959ab6a8559&bb=p9t_T2TOOCsflyxxktk7rKpxiTgpaBvGxdrdJfocs0j4e3R0risPRTo2MaL8kbO74mBTfzNvngl7ZlBVsSUgFsVNR0k-SqL9z1zO4VLjJ94%3D&xkcb=SoAG67M3G9jDGNTOhJ0JbzkdCdPP&fccid=cedd3fd582fd24fc&vjs=3
full details of Google Workspace - Migration & Support Engineer,Premier Cloud Inc.,Remote,https://ca.indeed.com/rc/clk?jk=f13f4aa642c3ae91&bb=p9t_T2TOOCsflyxxktk7rN2CE4a5rTFZlzP0Xxzjh1AWYQOUuMG3Ry-0XnygDaug04QgMbyyFPHz9p452Ls0ZVU9pih7P-3NY5NdNk8HlEw%3D&xkcb=SoCy67M3G9jDGNTOhJ0IbzkdCdPP&fccid=8816ab41c8dc7cca&cmp=Premier-Cloud-Inc.&ti=Support+Engineer&vjs=3
full details of Summer 2024 Co-op - Risk Management Engineer,Lockheed Martin Corporation,Halifax  NS,https://ca.indeed.com/rc/clk?jk=6aeda6e80b03a172&bb=p9t_T2TOOCsflyxxktk7rKpxiTgpaBvG5vcQDy6J-74JJzRipGGSwCPXGSOVlcuFc8g4I0cro3af-qL7x4HjUTJtdfTm3XepdKLZ0AFTGEU%3D&xkcb=SoA867M3G9jDGNTOhJ0PbzkdCdPP&fccid=aeb15e43a6800b9d&vjs=3
full details of Inspector (Specialist) 2 (Materials Engineering),Province of Nova Scotia,Fall River  NS,https://ca.indeed.com/rc/clk?jk=2cacb2abca16e0a9&bb=p9t_T2TOOCsflyxxktk7rPjdwKmNLLJyqbSKIkzB-pR2DNzJvgrGWk884ALVZbr8wbSBBq3GfqXKvImlGWndayxwAaExSPGAyMbPwMqwR6U%3D&xkcb=SoCI67M3G9jDGNTOhJ0ObzkdCdPP&fccid=76b2daf26bb1853b&vjs=3
full details of Junior - Intermediate Electrical Engineer,Capital Engineering,Edmonton  AB,https://ca.indeed.com/pagead/clk?mo=r&ad=-6NYlbfkN0Dtfwm3X9Pn2d3omB7QLS6BtkONSKxt4QunTZce23j_Lh2Tw9kp_Iiq_8mNOiIjELY3C8MjzxCbHmneBXVyf8hmosvrOnDnL5-5W7jiA3WBcKI6OLlPXzlWHHbVc2jISx1wIS1opu5belhH0_jV2e7qUG7zuplD4w8YItetR_naqg9utj7ZXvYi__APOEeLGORJ2CTOIGZYDRapWlIbFmffp6vEkzmzDPsGQMMLX9zmvvp-H0UPg1LOadHcT2LWwD7RKo3Lgjg7PMJaNX3dodMKfjsBcitgD4XsvQ-126PXUEdKHzGEWyXXJ6JBPeq4azXeQd8LVA4R6DnvcXx4F7D3Umy9pcmVs_aiD_Si67U0h7Okm2fUmAUW_WE5e6x4LsILFW_UMHXyOrkL2E5DmS78W2mgxSmtg-8jCB5ze-3AgSsscDnpqWjSZV13pV3gq0HF23_wDfAv1r5c3Tcjx_daZ3o3qnV5ARdmUgX9irgdttIgjbf88Y6xp6tyEHR06yvgNB1TxdWNrRqyi-ZqCjKBuU-h8h2UN93Whv-rlhe2oUVRhbxk-jxhzPCBifmKNTMBOVz3kdt8ldFp-8Von7fX7BB3n8kbT3tfMMK9KaUlraHcQUMG_c5dBAlyMiDEtPNogreFp43xXg==&xkcb=SoDh6_M3G9jDGNTOhJ0NbzkdCdPP&p=5&fvj=1&vjs=3
full details of Engineering Co-op Student Summer 2024 Co-op - Ship Repair Support,Irving Shipbuilding,Halifax  NS,https://ca.indeed.com/rc/clk?jk=83b94617eee4ac91&bb=p9t_T2TOOCsflyxxktk7rP9iL86UKH1EwmZF2J7lioMLfqRCh-sOqujYbBSXenvuqWz8b7kpkHoCT9xiPdTlRtP9ZywG4DaIUTdh8CShpd0%3D&xkcb=SoCh67M3G9jDGNTOhJ0MbzkdCdPP&fccid=0ee1a1ec58403df1&vjs=3
full details of Industrial Engineer,Health Services NB,Dartmouth  NS,https://ca.indeed.com/rc/clk?jk=ab9ff547172a8700&bb=p9t_T2TOOCsflyxxktk7rBZZBdet1XZH2qaUxbBTAeXpDJkI8hZaKV4UAsa1EqXUmCUsRGXFL4UnnaeaPbw4BHcQ46QEUjzQV1JMn69dBik%3D&xkcb=SoBI67M3G9jDGNTOhJ0DbzkdCdPP&fccid=16d0536392da9f2b&vjs=3
full details of Industrial Engineer,Medavie Health Services,Dartmouth  NS,https://ca.indeed.com/rc/clk?jk=0b0b842741a29215&bb=p9t_T2TOOCsflyxxktk7rERnw3tuQTd8NKh4RCr22ZUYE3lR9WH_ctQF_Ty7Okc4wivTNjvGZShYjuTd5JvP7PUCdnYoyYnlaUt7ByZ5dAo%3D&xkcb=SoD867M3G9jDGNTOhJ0CbzkdCdPP&fccid=971602ebf2a7d4fe&vjs=3
full details of Engineering Assistant - Summer 2024,Atlantic Towing,Saint John  NB,https://ca.indeed.com/rc/clk?jk=955cdedca70c56bc&bb=p9t_T2TOOCsflyxxktk7rDCZ9jwyH2hj0JV92vdKPtS0FOWK5yh9befTsrwnvBjVnkZHq69jmC3jQTu0VthakpUcM1tC0Qig8gTKwQVqjB4%3D&xkcb=SoBh67M3G9jDGNTOhJ0BbzkdCdPP&fccid=18951b34d16cb428&vjs=3
full details of Junior Drilling Engineer,Crescent Point Energy Corp.,Calgary  AB,https://ca.indeed.com/rc/clk?jk=b0ade48d79663663&bb=p9t_T2TOOCsflyxxktk7rHmAXDYFN-zD-ZicsAc_fugoyRWdMH_e7NEhIJ8J4FEVis2LEOXIuHJw8Ldh0PLWGkvy9OqcZH-wkLjmCc1UKUo%3D&xkcb=SoDV67M3G9jDGNTOhJ0AbzkdCdPP&fccid=e3143bb08a729d10&vjs=3
full details of Project Engineer Equipment,Bronswerk Group,Dartmouth  NS,https://ca.indeed.com/rc/clk?jk=5889e63dfe1dce57&bb=p9t_T2TOOCsflyxxktk7rJG1xf5lrr770EsgMJ9i8g9I58bHmmRoFCDvgid-eoYVawC70DfuHTRw2-CSXv6jh88fdLGqPS22ftcev_Fghvw%3D&xkcb=SoBb67M3G9jDGNTOhJ0HbzkdCdPP&fccid=aa2ff793f2ed9b0f&cmp=Bronswerk-Group&ti=Project+Engineer&vjs=3
full details of Junior Mine Engineer,Morton Salt,Pugwash  NS,https://ca.indeed.com/rc/clk?jk=178bcd31608a2497&bb=p9t_T2TOOCsflyxxktk7rCmiEirirshWsaUOQqsssAFidE-8OTNU43pKrLpsp6FOcdY11gyI0baPuE4Qns-wE43zR-992dbYJHiNRlwZEWw%3D&xkcb=SoDv67M3G9jDGNTOhJ0GbzkdCdPP&fccid=67eac68da1fc5055&vjs=3
full details of Senior Engineer (Engineer 4),Province of Nova Scotia,Halifax  NS,https://ca.indeed.com/rc/clk?jk=e25f21df96562454&bb=p9t_T2TOOCsflyxxktk7rFpqRJeFPnTXp2ukMAEU6vB2POFChsUBWXcMCHGVS3eQRR90ZyfNTEhNiDf61lUkQKmbpqU5k6VJANjWpY7J0Ek%3D&xkcb=SoBy67M3G9jDGNTOhJ0FbzkdCdPP&fccid=76b2daf26bb1853b&vjs=3
full details of Assistant Engineer (Nordic Pearl),Canadian Fishing Company,Vancouver  BC,https://ca.indeed.com/pagead/clk?mo=r&ad=-6NYlbfkN0DKdWtdSHtK-ahQTg3cdhSVylB5VG7byFC5zncba3rFlp_u7Kt5Zhuo-HbHKgjDt_iMShR5aKtYrryvURYS_r9XSpuFLZ5GLIFuqvNZDtEXjlY7rrUvdaEvFVIg7BaavPwNn6UuCHtbO0EfqbHdGThrHaQjRdeP7LRdOIq39ZFLKO4Vs_cfvpL2aiTHcneIDqFD4RTTI-OKk3FIVHDPNy_uyNTtxaW3VE1cMcBob2IYGNefrGh_NAQLdXlWIdPB8Nyz5DuoQYSwovWOXy2KwV_NZHwcXCwDV4c17LCxBQeC3UAK57qtlYP878O6vTDTz_AxykAkUguVT-GkVCD1GImJs-DqHqW8mKGDOOpTNvontF6b3A_gsYH-Cx8KMPSfBeV-Pc4YBotqa7tRGWg8q-FFjsf79dCsO5Ul16o91w48o09FahbJgSBbyjnVX5FX3pGb1fJaDMi0-1x_IqmmFyk0PIW7GenB-GjBpn1KvcwYeJ-WFj6K6fcf9vt2djsn_SiEqfkNlgt3oYedYTq-i-au-rZHYgMAe3w82xyqHfeOEtbcniE93kCUjYldyfBjb2WUEo4eptFbjw8fTxB_w4mMBp2edGq3RxM=&xkcb=SoAy6_M3G9jDGNTOhJ0EbzkdCdPP&p=14&fvj=1&vjs=3
full details of Design Manager,United Gulf Developments Ltd.,Halifax  NS,https://ca.indeed.com/rc/clk?jk=5b2f497ecf819e53&bb=o3B79Bj2_iWgpYnitbAeIsm2Z2xQgWvd5sJaw4mYdTt7MsOvmgqFQxzALHz6ZjikoyPn0an7ph_D5g394SNa494GqoRtCg9WEbVzs4sQymU%3D&xkcb=SoCp67M3G9jCk4wd8x0LbzkdCdPP&fccid=16ab7c2b32004855&cmp=United-Gulf-Developments&ti=Design+Manager&vjs=3
full details of Summer Co-op – Systems Engineering and Integration Team (CSC SEIT),Lockheed Martin Corporation,Halifax  NS,https://ca.indeed.com/rc/clk?jk=534f94be29fedd02&bb=o3B79Bj2_iWgpYnitbAeIvyn3TnluOFxxsizTjKc9cusspQbrIOlGD9W7TQ7t_nQZ9NgPZDpboEVf4bEWpN18_8vuHgIHGLkRdg2JsDMzYM%3D&xkcb=SoAd67M3G9jCk4wd8x0KbzkdCdPP&fccid=aeb15e43a6800b9d&vjs=3
full details of Junior Engineer  Electrical,Irving Shipbuilding,Halifax  NS,https://ca.indeed.com/rc/clk?jk=baef492ce0adec84&bb=o3B79Bj2_iWgpYnitbAeIvXLNUDds2YynNYgNAIBKPtqxo9ESSkydHRnbaeInJJMIoGAsiPX__zOwqGX_zEFlGbRhWGlLrNswF5OlRMhbW0%3D&xkcb=SoCA67M3G9jCk4wd8x0JbzkdCdPP&fccid=0ee1a1ec58403df1&vjs=3
full details of Engineer in Training  Mining,Burgundy Diamond,Yellowknife  NT,https://ca.indeed.com/rc/clk?jk=ac97dbcffe765851&bb=o3B79Bj2_iWgpYnitbAeIhIimDw-ZAWeC_wGEFjmC4IUNwSMubIzBft0LxMNHS_uX78DxMK-xc7zvqV8uMHmBJZidUq1LwHrRxJyIxoBu7A%3D&xkcb=SoA067M3G9jCk4wd8x0IbzkdCdPP&fccid=5d58713ad5205cf1&vjs=3
full details of Junior Process Engineer,HFI Pyrotechnics,Prescott  ON,https://ca.indeed.com/rc/clk?jk=66000926fcc9e580&bb=o3B79Bj2_iWgpYnitbAeIrPYwElPlWiPAC4XTadcyquFzNVBtmokUyx-kXECtJcm6bzlaPBwbFhGVH8UKBGb4Fg56J-m6L4lxe8qnEPmEpc%3D&xkcb=SoC667M3G9jCk4wd8x0PbzkdCdPP&fccid=3aeca2325e5393b1&cmp=HFI-Pyrotechnics&ti=Junior+Process+Engineer&vjs=3
full details of Engineer in Training,Hames Engineering,Nisku  AB,https://ca.indeed.com/rc/clk?jk=207627c90db43b32&bb=o3B79Bj2_iWgpYnitbAeIk2Rhkjb-kPqSVRG04H-11fQZZzKu2FDStaV2Jq7uBFH4sX60dnWMqaowYm0webaV7JJK200fz7dr_eKiwmb1Zs%3D&xkcb=SoAO67M3G9jCk4wd8x0ObzkdCdPP&fccid=e4b42fe7e23cd190&cmp=Hames-Engineering-Ltd.&ti=Training+Developer&vjs=3
full details of Project Engineer in Training,Teck Resources Limited,Sparwood  BC,https://ca.indeed.com/rc/clk?jk=12d0356f76bf5942&bb=o3B79Bj2_iWgpYnitbAeIihXgis8rgtBjIbX69IP0YLuDPjwlMwjifuieoxppSWN_bcxujBOhXfqzdnwBCaDvU-Paj_EVsAgRStnxb9kV0w%3D&xkcb=SoCT67M3G9jCk4wd8x0NbzkdCdPP&fccid=3b3560e05dbdfdeb&vjs=3
full details of Engineering Coop Student,Aquatera Utilities Inc.,Grande Prairie  AB,https://ca.indeed.com/rc/clk?jk=c6e29921d57302b4&bb=o3B79Bj2_iWgpYnitbAeIqw5Xg9SyZ2cEhR7U2FGxExsfUm5FXUcTJxMUAsc_hbS8TQ661wAHNrIg_XrPqS_ujvELemmf2AalTDq1SNt4Lw%3D&xkcb=SoAn67M3G9jCk4wd8x0MbzkdCdPP&fccid=6e21686d1a0076b1&vjs=3
full details of Project Engineer - Integrated Projects,SCOVAN INC.,Calgary  AB,https://ca.indeed.com/rc/clk?jk=0fd1c006347b0172&bb=o3B79Bj2_iWgpYnitbAeIrv4Z5AzzwRABAr9Y47oewvWo22GsJ9rV5pV5p2JnkMCfGlpEhXsLQ4gwlDPjorv75GfugJOApy-1DwrJHNCSGA%3D&xkcb=SoDO67M3G9jCk4wd8x0DbzkdCdPP&fccid=e1436c78981bd0c3&cmp=SCOVAN-INC.&ti=Project+Engineer&vjs=3
full details of Project Manager (Engineer 4/Architect 3),Province of Nova Scotia,Halifax  NS,https://ca.indeed.com/rc/clk?jk=40563243c52a0a22&bb=o3B79Bj2_iWgpYnitbAeImOxMPFOXsrKNeZKOOcVx9MDeFuRLprfsaEjlhLOA5CozTEiHpvGgJDOPAMpm5ZY43js3_3eXZaxPwjg32mwSZk%3D&xkcb=SoB667M3G9jCk4wd8x0CbzkdCdPP&fccid=76b2daf26bb1853b&vjs=3
full details of Product Investigations Engineer - Canada Vehicle Safety,Stellantis,Windsor  ON,https://ca.indeed.com/rc/clk?jk=22251a7c7e8aa2e9&bb=o3B79Bj2_iWgpYnitbAeIqwcd_Lgc3gxmEM6kBrpR4WWmN27eNI3gCdioWz8g-KAZ6T04ywb2CxF3dthjyNmukQEG2oINPGKNNUsvBt8oBU%3D&xkcb=SoDn67M3G9jCk4wd8x0BbzkdCdPP&fccid=f6172562f9aeed68&vjs=3
full details of Quality Assurance Engineer,Vretta Inc.,Remote,https://ca.indeed.com/rc/clk?jk=1da76bd3cacb7758&bb=o3B79Bj2_iWgpYnitbAeIsU2ZJYTO5Y4_dqu8og6OGaVE4aoBfE4XlpAt4Mqz4IWRFRXOiYgyU-bCjqndvDzY8Ik7HZKk-DsQyZTdV-GH6U%3D&xkcb=SoBT67M3G9jCk4wd8x0AbzkdCdPP&fccid=1f007f803576e145&cmp=Vretta-Inc.&ti=Quality+Assurance+Engineer&vjs=3
full details of Rover Engineer,PheedLoop Inc.,Toronto  ON,https://ca.indeed.com/rc/clk?jk=f8fa18a6ee07ae03&bb=o3B79Bj2_iWgpYnitbAeIgg8_rcy0Ow-U0GP46vLEsGkuqUH6UjVFM9194e72GbOP_C_jOgcEgprpnd4c19hw9knZAhCSyE5BtA9Xk3RpOs%3D&xkcb=SoDd67M3G9jCk4wd8x0HbzkdCdPP&fccid=cfbdfb30805accd7&vjs=3
full details of Project Manager,QM Environmental,Greater Sudbury  ON,https://ca.indeed.com/pagead/clk?mo=r&ad=-6NYlbfkN0AQZFoZf6m7bIpEA3GPq-1bUhLAV0IUK4Ycse931amBMKvlBuS6dah1mlVIXyquL23hA-079vssM74Rm68FjtuBTshgyzeffVJJ78_-5wRD5FeezTJJdfwv30HkfxCEGEa-MiV5x9IriQTtp1QiIekzMeJqDPI6aZSlhtPTya7bG10ThzDTNQFZ1jnKspjAzhT-JqwidDUQR6O1_AA4aon8kSlQTHiITyOy11xRUK_LGHCtqD3bZrYUDeOUknHu-xS0AjN4Nvzwvl8gsFCkgdNStmzFIgNd3hrUhzM51a23D53n6pEA3Y51HaYkFADWZjwGHV55-OsaIwZRYsxD62BYcuPXP3IHORGDzoR8L9wH4i7dhwS3xag2D1ugXptrpGRh-zTsID4AfYfouXJnfSAQ9UtgCxQNy6TtBgc_LCeqgUTFN7-Rghux1BBAPEgNrntEPG1NA0fpWQ3dSx4mdEziB-U-yVPQBpwSzQeUNm31BN5aq2Nul3OKIDUzsLCIXOPyAQLBxWxhCL027yi3PPdAJSATdndAavr4Fd3Srl6P4fIogtf5g_6NvdnPcf8-znFrtpEpbuXA9ftEKmG40zxY&xkcb=SoCd6_M3G9jCk4wd8x0GbzkdCdPP&p=13&fvj=1&vjs=3
full details of Engineer in Training,Brock Canada,Nisku  AB,https://ca.indeed.com/rc/clk?jk=34de649705a54bae&bb=o3B79Bj2_iWgpYnitbAeImOxMPFOXsrKb_oOUwzVA17WwOOIS3ciWo2VmzTvfJv39Syo_rro0P0Q7FNwG9bZTWjnHtv4KWkQ7Alr4oz9c6Y%3D&xkcb=SoD067M3G9jCk4wd8x0FbzkdCdPP&fccid=034b420773c71a75&vjs=3
full details of Jr. Test Engineer,ViVitro Labs,Victoria  BC,https://ca.indeed.com/rc/clk?jk=a1f6fdb0ab6d47b5&bb=dPtYVVTEii6oy8xRXjCvh7mKWaC_ev4daKA088P4KsrhpjW2uO3Z0TwvUNoW4KB5&xkcb=SoA667M3G9jCAUWYIp0LbzkdCdPP&fccid=af031b5f05b62b6e&vjs=3
full details of Engineer  Projects,Eastward Energy Incorporated,Dartmouth  NS,https://ca.indeed.com/rc/clk?jk=4f025b73c1c6f282&bb=dPtYVVTEii51KoE2p0gPEwVDeemoX0GP2b8m-rYH1z9AlyJe3pVz0z_49Jbyuz_I&xkcb=SoAT67M3G9jCAUWYIp0JbzkdCdPP&fccid=12f3e1460c2c2643&vjs=3
full details of Junior or Intermediate Project Engineer,Vancouver Airport Authority,Vancouver  BC,https://ca.indeed.com/rc/clk?jk=46304450c17bd30d&bb=XQSph5nW_Meu-yGuZya6sMHa_DMq3DQXQj1MYChLA-CxtZxIhgeqXHzWLzgY1LHN&xkcb=SoDL67M3G9jCAU2YIp0KbzkdCdPP&fccid=b5de3c5c688e58c1&vjs=3
full details of Intermediate Mechanical Engineer,CBCL Limited,Hybrid remote in Halifax  NS,https://ca.indeed.com/rc/clk?jk=d83e91c7d8c96541&bb=XQSph5nW_Md4podn7oQvYoc3ZhV_Oo3sDeqMDX15vuJ09sNVFgDLNo0tATUGQeJL&xkcb=SoDi67M3G9jCAU2YIp0IbzkdCdPP&fccid=aedf5b76303fbf8b&vjs=3
full details of Manufacturing Process Engineer,Moog Inc.,Dartmouth  NS,https://ca.indeed.com/rc/clk?jk=f86410566974a8e4&bb=XQSph5nW_MdKwaqFso9ybH9uUgvFsclMDQ5h2VqYe9utYiMVurhLyqGJkSBD46vx&xkcb=SoDY67M3G9jCAU2YIp0ObzkdCdPP&fccid=af89ba95563d99de&vjs=3
full details of Engineering Production Planning Student- Summer 2024 Co-op Term,Irving Shipbuilding,Halifax  NS,https://ca.indeed.com/rc/clk?jk=3f6ab721abd712d0&bb=bqYKhtgmHsS9gEA1_BzB0w7QA9VMHP-bftgV81e_PKwfa-AY7kPOb1nZI4B_rk2z&xkcb=SoCS67M3G9jCAXWYIp0KbzkdCdPP&fccid=0ee1a1ec58403df1&vjs=3
full details of Junior Mine Engineer,Windsor Salt LTD-WCSC,Pugwash  NS,https://ca.indeed.com/rc/clk?jk=3e7e91396241d878&bb=bqYKhtgmHsSTXsqNN0GGoIzjQk68jke1npSltNitPTcA7VE_7eSCjQNvbEQ0RNFY&xkcb=SoC767M3G9jCAXWYIp0IbzkdCdPP&fccid=dd616958bd9ddc12&vjs=3
full details of Jr. Analytics Engineer,Hotspex Media,Toronto  ON,https://ca.indeed.com/rc/clk?jk=af885a37a7506f1f&bb=bqYKhtgmHsT2xpXMapjiQDLHczoscsW9v1UQwUYgBKzDD9JRKeJJuNrGE_qxyeZb&xkcb=SoAc67M3G9jCAXWYIp0NbzkdCdPP&fccid=307b992036de33b6&vjs=3
full details of Quality Control Engineer,Irving Shipbuilding,Halifax  NS,https://ca.indeed.com/rc/clk?jk=2aa6877235ad266b&bb=yb27xaW44v4hcLm4mpVIQGG8rDimCs3Advd4LTJK3qZqtW-vV7xbk09JYHxZ3ICq&xkcb=SoBj67M3G9jCAX2YIp0LbzkdCdPP&fccid=0ee1a1ec58403df1&vjs=3
full details of Engineering Intern,Cascades,Remote in Berthierville  QC,https://ca.indeed.com/rc/clk?jk=6728ad46c413bad0&bb=yb27xaW44v5vA1PSSoT9OM1YLMj5wE_HXBLteIu9PHnw2mevqk7MJGSrMIRwIWV4&xkcb=SoBK67M3G9jCAX2YIp0JbzkdCdPP&fccid=126b76785da86c7a&vjs=3
full details of Process Engineer,Canadian Natural,Fort McMurray  AB,https://ca.indeed.com/rc/clk?jk=2e8e89302d41fa4a&bb=yb27xaW44v7JYCaXJyC-9ZGHVfNKXe66J3kBNtq4KWJdGTm51wpJHoivvB4AUPNV&xkcb=SoBw67M3G9jCAX2YIp0PbzkdCdPP&fccid=c0bb7be52e9b90bc&vjs=3
full details of Mechanical Designer - HVAC. Plumbing  Fire Protection,Habilis Engineering Inc.,Remote,https://ca.indeed.com/rc/clk?jk=618dc61928370115&bb=nJ61BWUD-Kx4cV7Ujshmk22TdhMvFpg3Fd2TSHFDKWzstlwUKdqmi9aQwSSGnQVa&xkcb=SoBZ67M3G9jCAWWYIp0KbzkdCdPP&fccid=4c3b319cdc03ff68&cmp=Habilis-Engineering-Inc.&ti=Mechanical+Designer&vjs=3
full details of Mining Engineer,Vale,Thompson  MB,https://ca.indeed.com/pagead/clk?mo=r&ad=-6NYlbfkN0DQyIsrLPX77HmZ3BvK7D3JLq1QHxP3e8mz12KCI0527NwF2ZJKYonEACinocP6zY6_xmwEeUxBXT1aEC0-tux36wuyt8Wec6d-N_6UYj8eDzaKHOsiApYdhFIHpNmOW_Y49o3osvSsrC2-3FuQL7bk0IHePs0sZrq0l5XMeWHWwv2S0ITyq9l0w8LGlYFM9whqxMPkkkcvhh6eSMQboajkYRlGb_w02oFMY8VxvI3vleYWXwcJXsd7fOnmat9HDqeS6ks9GEyySzDKH9EXgqogWm1pdN4SZuj2x2EzkXf7RGoC0Xz0vqDz-_1lz3r9OZLXyoQAg0cjrXYnxkWTxE98zOT0LJ8okSWizs_-Kv2s69yNi7aVIIlec9tUfm3HzarxucriLcNlngSi__bg-iKwWei8xsWXuNq7vExy5a4-hZ7HRSfLCBEWCY6B3gYbGnZJAfkcL6IQTDZ1aHMA8mMA3kyzTtqkS7T3OAryP_czttu7Ayh4P07mtCi0Yfuu21Q2Wbiqpen98t0CrN3j_5r7QGTrQS2qTQgJrkbvt6UYba4vANsuQ9iN7K_0CQwSWYgdKtfb4ssIsVFTtmFHnv68J2HsOJy02aYWm5D4mKjnaWi-rQcH8yqa&xkcb=SoDV6_M3G9jCDKX3cx0cbzkdCdPP&p=12&fvj=0&vjs=3
full details of Junior/Intermediate Energy Engineer,CBCL Limited,Halifax  NS,https://ca.indeed.com/rc/clk?jk=835e22f80e3d4dc0&bb=pqQ_uhhCQaohpdF9WzAKxXtZo-ztQSyMtQMv-PIlCQwzpjH-d1_gW3VL27suDYxJ&xkcb=SoCo67M3G9jCAW2YIp0LbzkdCdPP&fccid=aedf5b76303fbf8b&vjs=3
full details of Condition Monitoring Engineer,AssetWatch  Inc.,Remote,https://ca.indeed.com/rc/clk?jk=e8781c424f2bff3a&bb=pqQ_uhhCQaqdsFmdFjaQSyrPAv_BOAyKCEdF9yCztskjIv0iHuPuD8Xbrtwsz7gu&xkcb=SoCB67M3G9jCAW2YIp0JbzkdCdPP&fccid=1fb6b9e3b37b4efc&vjs=3
AI (LLM) Fullstack Engineer,CloudDevs,Latin America Only/Europe Only/UK Only/Canada Only/EMEA Only/Asia Only/Oceania Only,https://weworkremotely.com//remote-jobs/clouddevs-ai-llm-fullstack-engineer-1
Senior Software Engineer (Ruby on Rails),Clerky,Anywhere in the World,https://weworkremotely.com//remote-jobs/clerky-senior-software-engineer-ruby-on-rails-1
Senior Full-Stack Engineer,Instinct Science,North America Only,https://weworkremotely.com//remote-jobs/instinct-science-senior-full-stack-engineer
Full-Stack Engineer,Locally,North America Only,https://weworkremotely.com//remote-jobs/locally-full-stack-engineer
Full Stack Ruby Engineer,OpenPlay,USA Only,https://weworkremotely.com//remote-jobs/openplay-full-stack-ruby-engineer
Senior Software Engineer,Parallax,Americas Only,https://weworkremotely.com//remote-jobs/parallax-senior-software-engineer
Lead Software Engineer,Cere Network,Europe Only,https://weworkremotely.com//remote-jobs/cere-network-lead-software-engineer
Full Stack Engineer,Localize,USA Only/North America Only,https://weworkremotely.com//remote-jobs/localize-full-stack-engineer-4
Senior iOS Engineer,Elevate Labs,Americas Only,https://weworkremotely.com//remote-jobs/elevate-labs-senior-ios-engineer-3
Head of Engineering,TimeZest,Anywhere in the World,https://weworkremotely.com//remote-jobs/timezest-head-of-engineering
Senior Backend Engineer,Checkly,USA Only/North America Only/Latin America Only/Americas Only/Europe Only/UK Only,https://weworkremotely.com//remote-jobs/checkly-senior-backend-engineer
Sr. Full Stack Engineer (Javascript/Typescript  Node/React),Grouse Software Labs Inc,Americas Only,https://weworkremotely.com//remote-jobs/grouse-software-labs-inc-sr-full-stack-engineer-javascript-typescript-node-react-1
Senior Software Engineer II,LeadSimple  Inc.,Anywhere in the World,https://weworkremotely.com//remote-jobs/leadsimple-inc-senior-software-engineer-ii-1
Senior Software Engineer I,LeadSimple  Inc.,Anywhere in the World,https://weworkremotely.com//remote-jobs/leadsimple-inc-senior-software-engineer-i-1
Senior Full Stack Engineer,Platomics,Europe Only,https://weworkremotely.com//remote-jobs/platomics-senior-full-stack-engineer
Senior Ruby on Rails Engineer,Booster SEO,Anywhere in the World,https://weworkremotely.com//remote-jobs/booster-seo-senior-ruby-on-rails-engineer
Senior Full Stack Engineer,Learning Tapestry,Americas Only/Europe Only,https://weworkremotely.com//remote-jobs/learning-tapestry-senior-full-stack-engineer-1
Senior Frontend Engineer,Toggl,Anywhere in the World,https://weworkremotely.com//remote-jobs/toggl-senior-frontend-engineer
Senior or Staff Frontend Engineer - React (100% Remote),Close,USA Only,https://weworkremotely.com//remote-jobs/close-senior-or-staff-frontend-engineer-react-100-remote-5
Senior Front End React Native Engineer,Maharishi Foundation International,Europe Only,https://weworkremotely.com//remote-jobs/maharishi-foundation-international-senior-front-end-react-native-engineer-5
Senior Software Engineer  Web,Speechify Inc,Anywhere in the World,https://weworkremotely.com//remote-jobs/speechify-inc-senior-software-engineer-web
Software Engineer (Backend),Sticker Mule,Anywhere in the World,https://weworkremotely.com//remote-jobs/sticker-mule-software-engineer-backend-1
Senior Backend Engineer,Toggl,Anywhere in the World,https://weworkremotely.com//remote-jobs/toggl-senior-backend-engineer-2
Backend Engineer (Toggl Hire),Toggl,Europe Only,https://weworkremotely.com//remote-jobs/toggl-backend-engineer-toggl-hire
Senior/Staff Software Engineer - Backend/Python - USA (100% Remote),Close,USA Only,https://weworkremotely.com//remote-jobs/close-senior-staff-software-engineer-backend-python-usa-100-remote-1
Software Security Engineer,ShipHero,Anywhere in the World,https://weworkremotely.com//remote-jobs/shiphero-software-security-engineer-1
Senior Software Engineer  Full Stack,Doximity,USA Only,https://weworkremotely.com//remote-jobs/doximity-senior-software-engineer-full-stack
Scala Backend Engineer,Famly,Europe Only,https://weworkremotely.com//remote-jobs/famly-scala-backend-engineer
Site Reliability Engineer,Sticker Mule,Anywhere in the World,https://weworkremotely.com//remote-jobs/sticker-mule-site-reliability-engineer-1
Lead Software Engineer - Python,Datapeople,Anywhere in the World,https://weworkremotely.com//remote-jobs/datapeople-lead-software-engineer-python
Senior Data Engineer,TYB (Try Your Best),Americas Only/EMEA Only,https://weworkremotely.com//remote-jobs/tyb-try-your-best-senior-data-engineer
Senior Backend Engineer (NodeJs/Lambda),Whitespectre,Anywhere in the World,https://weworkremotely.com//remote-jobs/whitespectre-senior-backend-engineer-nodejs-lambda-1
Senior DevOps Engineer (Azure),Proxify AB,Latin America Only/Europe Only/EMEA Only,https://weworkremotely.com//remote-jobs/proxify-ab-senior-devops-engineer-azure
Senior DevOps Engineer (AWS),Proxify AB,Latin America Only/Europe Only/EMEA Only,https://weworkremotely.com//remote-jobs/proxify-ab-senior-devops-engineer-aws
Remote OpenStack Cloud Engineer,VEXXHOST  Inc.,Anywhere in the World,https://weworkremotely.com//remote-jobs/vexxhost-inc-remote-openstack-cloud-engineer
Linux Support Engineer,RapidSeedbox Ltd,Latin America Only/Europe Only/UK Only/Asia Only,https://weworkremotely.com//remote-jobs/rapidseedbox-ltd-linux-support-engineer-1
Field Application Engineer (FAE) REMOTE,CVEDIA,Anywhere in the World,https://weworkremotely.com//remote-jobs/cvedia-field-application-engineer-fae-remote
Engineering Manager,Bax Energy,Anywhere in the World,https://weworkremotely.com//remote-jobs/bax-energy-engineering-manager
Senior Data Engineer,Proxify AB,Anywhere in the World,https://weworkremotely.com//remote-jobs/proxify-ab-senior-data-engineer
FT/PT Remote AI Prompt Engineering & Evaluation - Will Train,DataAnnotation.tech,USA Only/UK Only/Canada Only,https://weworkremotely.com//remote-jobs/dataannotation-tech-ft-pt-remote-ai-prompt-engineering-evaluation-will-train
Integration Engineer / C#,Tablet Command  Inc.,Anywhere in the World,https://weworkremotely.com//remote-jobs/tablet-command-inc-integration-engineer-csharp-1
Cloud Security Engineer,XM,Anywhere in the World,https://weworkremotely.com//remote-jobs/xm-cloud-security-engineer
QA Engineer,GoTu (formerly TempMee),Anywhere in the World,https://weworkremotely.com//remote-jobs/gotu-formerly-tempmee-qa-engineer
Senior Director of Engineering,LeadSimple  Inc.,Anywhere in the World,https://weworkremotely.com//remote-jobs/leadsimple-inc-senior-director-of-engineering-1
Data Engineer,Murmuration,USA Only,https://weworkremotely.com//remote-jobs/murmuration-data-engineer-1
[TADA] Android Engineer,이지식스(엠블),서울 · 한국,https://www.wanted.co.kr/wd/158460
Data Engineer (데이터 크롤링 전문가),드라마앤컴퍼니(리멤버),서울 · 한국,https://www.wanted.co.kr/wd/198864
[B2B]JAVA Backend Engineer(Senior),보닥(아이지넷),서울 · 한국,https://www.wanted.co.kr/wd/189673
디지털물류플랫폼 Engineer PM,씨제이대한통운(CJ대한통운),서울 · 한국,https://www.wanted.co.kr/wd/198811
Java Software Engineer 팀장급,파킹허브,서울 · 한국,https://www.wanted.co.kr/wd/197460
[Platform]Database/Data Processing Engineer,앤서스랩코리아,서울 · 한국,https://www.wanted.co.kr/wd/126877
(전문연구요원 가능) ML Engineer/Researcher,에너자이(ENERZAi),서울 · 한국,https://www.wanted.co.kr/wd/110126
NLP Engineer,에이아이트릭스(AITRICS),서울 · 한국,https://www.wanted.co.kr/wd/199209
[TADA] Android Engineer,이지식스(엠블),서울 · 한국,https://www.wanted.co.kr/wd/158460
Data Engineer (데이터 크롤링 전문가),드라마앤컴퍼니(리멤버),서울 · 한국,https://www.wanted.co.kr/wd/198864
[B2B]JAVA Backend Engineer(Senior),보닥(아이지넷),서울 · 한국,https://www.wanted.co.kr/wd/189673
디지털물류플랫폼 Engineer PM,씨제이대한통운(CJ대한통운),서울 · 한국,https://www.wanted.co.kr/wd/198811
Java Software Engineer 팀장급,파킹허브,서울 · 한국,https://www.wanted.co.kr/wd/197460
[Platform]Database/Data Processing Engineer,앤서스랩코리아,서울 · 한국,https://www.wanted.co.kr/wd/126877
(전문연구요원 가능) ML Engineer/Researcher,에너자이(ENERZAi),서울 · 한국,https://www.wanted.co.kr/wd/110126
NLP Engineer,에이아이트릭스(AITRICS),서울 · 한국,https://www.wanted.co.kr/wd/199209
Maintenance Engineer,오케스트로,서울 · 한국,https://www.wanted.co.kr/wd/193552
Computer Vision Applied Research Engineer,휴톰,서울 · 한국,https://www.wanted.co.kr/wd/71293
Ai Engineer,메디트(Medit),서울 · 한국,https://www.wanted.co.kr/wd/147006
Solutions Engineer (MLOps Architect),베슬에이아이(VESSL AI),서울 · 한국,https://www.wanted.co.kr/wd/96560
DevOps Engineer,수퍼톤,서울 · 한국,https://www.wanted.co.kr/wd/174369
QA Engineer (3년~5년),에이슬립,서울 · 한국,https://www.wanted.co.kr/wd/196965
머신러닝 엔지니어 (ML Engineer),메디웨일,서울 · 한국,https://www.wanted.co.kr/wd/184271
Python 트레이딩 플랫폼 엔지니어 for VegaX,콘스텔레이션코리아,서울 · 한국,https://www.wanted.co.kr/wd/193356
Mapping & Localization Engineer (로봇 소프트웨어 개발),플로틱,서울 · 한국,https://www.wanted.co.kr/wd/85276
[3년 이상]AI/NLP R&D Engineer,다이얼로그디자인에이전시,서울 · 한국,https://www.wanted.co.kr/wd/186671
[삼쩜삼] QA Engineer,자비스앤빌런즈(삼쩜삼),서울 · 한국,https://www.wanted.co.kr/wd/199688
Web Service DevOps Engineer/IT Admin,오픈엣지테크놀로지,서울 · 한국,https://www.wanted.co.kr/wd/198066
[100억↑투자] Senior Back-end Software Engineer,제이앤피메디(JNPMEDI),인천 · 한국,https://www.wanted.co.kr/wd/169418
Senior Backend Engineer(7년 이상),이쿠얼키(인공지능수학 깨봉),서울 · 한국,https://www.wanted.co.kr/wd/199301
Web Service Front-end Engineer,오픈엣지스퀘어,서울 · 한국,https://www.wanted.co.kr/wd/186387
Computer Vision/Machine Learning Engineer(2년 이상),인터마인즈,경기 · 한국,https://www.wanted.co.kr/wd/197898
System Engineer,에스아이에이,서울 · 한국,https://www.wanted.co.kr/wd/185371
QA Engineer,클래스팅(Classting),서울 · 한국,https://www.wanted.co.kr/wd/191351
Computer Vision Engineer(전문연구요원 가능),플라잎,경기 · 한국,https://www.wanted.co.kr/wd/135235
Data Engineer,티비유,서울 · 한국,https://www.wanted.co.kr/wd/172270
ML Engineer(2년 이상),에이디어스(ADUS),경기 · 한국,https://www.wanted.co.kr/wd/191300
System Engineer,트럼피아,서울 · 한국,https://www.wanted.co.kr/wd/88438
LiDAR S/W Engineer,에스오에스랩(SOS LAB),경기 · 한국,https://www.wanted.co.kr/wd/198895
Senior Data Engineer,트릿지,서울 · 한국,https://www.wanted.co.kr/wd/130085
Software Engineer,애드쉴드,경기 · 한국,https://www.wanted.co.kr/wd/190392
Search Engineer,비에이치에스엔,서울 · 한국,https://www.wanted.co.kr/wd/169003
3D Engine Engineer (2년 이상),레드브릭,서울 · 한국,https://www.wanted.co.kr/wd/198317
Senior Machine Learning Engineer,트릿지,서울 · 한국,https://www.wanted.co.kr/wd/96180
